<?xml version="1.0" encoding="UTF-8"?>
<project-private xmlns="http://www.netbeans.org/ns/project-private/1">
    <editor-bookmarks xmlns="http://www.netbeans.org/ns/editor-bookmarks/2" lastBookmarkId="0"/>
    <open-files xmlns="http://www.netbeans.org/ns/projectui-open-files/2">
        <group>
            <file>file:/Users/victorrodriguez/Documents/VRP/SUPERPROF-TRABAJOS/cristian-jservlets/Manuel_Final_13_05_2019/FerreteriaFerme%20V7.0/FerreteriaFerme%20V7.0/src/java/Dao/DaoCarrito.java</file>
            <file>file:/Users/victorrodriguez/Documents/VRP/SUPERPROF-TRABAJOS/cristian-jservlets/Manuel_Final_13_05_2019/FerreteriaFerme%20V7.0/FerreteriaFerme%20V7.0/src/java/Controller/ServletCarritoCompra.java</file>
            <file>file:/Users/victorrodriguez/Documents/VRP/SUPERPROF-TRABAJOS/cristian-jservlets/Manuel_Final_13_05_2019/FerreteriaFerme%20V7.0/FerreteriaFerme%20V7.0/src/java/Controller/ServletLogin.java</file>
            <file>file:/Users/victorrodriguez/Documents/VRP/SUPERPROF-TRABAJOS/cristian-jservlets/Manuel_Final_13_05_2019/FerreteriaFerme%20V7.0/FerreteriaFerme%20V7.0/web/Boleta.jsp</file>
            <file>file:/Users/victorrodriguez/Documents/VRP/SUPERPROF-TRABAJOS/cristian-jservlets/Manuel_Final_13_05_2019/FerreteriaFerme%20V7.0/FerreteriaFerme%20V7.0/web/Carrito.jsp</file>
            <file>file:/Users/victorrodriguez/Documents/VRP/SUPERPROF-TRABAJOS/cristian-jservlets/Manuel_Final_13_05_2019/FerreteriaFerme%20V7.0/FerreteriaFerme%20V7.0/src/java/Contexto/Conexion.java</file>
        </group>
    </open-files>
</project-private>
